"city","city_ascii","lat","lng","country","iso2","iso3","admin_name","capital","population","id"
"Tokyo","Tokyo","35.6870","139.7495","Japan","JP","JPN","Tōkyō","primary","37785000","1392685764"
"Jakarta","Jakarta","-6.1750","106.8275","Indonesia","ID","IDN","Jakarta","primary","33756000","1360771077"
"Delhi","Delhi","28.6100","77.2300","India","IN","IND","Delhi","admin","32226000","1356872604"
"Guangzhou","Guangzhou","23.1300","113.2600","China","CN","CHN","Guangdong","admin","26940000","1156237133"
"Mumbai","Mumbai","19.0761","72.8775","India","IN","IND","Mahārāshtra","admin","24973000","1356226629"
"Manila","Manila","14.5958","120.9772","Philippines","PH","PHL","Manila","primary","24922000","1608618140"
"Shanghai","Shanghai","31.2286","121.4747","China","CN","CHN","Shanghai","admin","24073000","1156073548"
"São Paulo","Sao Paulo","-23.5504","-46.6339","Brazil","BR","BRA","São Paulo","admin","23086000","1076532519"
"Seoul","Seoul","37.5667","126.9833","Korea, South","KR","KOR","Seoul","primary","23016000","1410836482"
"Mexico City","Mexico City","19.4333","-99.1333","Mexico","MX","MEX","Ciudad de México","primary","21804000","1484247881"
"Kolkāta","Kolkata","22.5675","88.3700","India","IN","IND","West Bengal","admin","21747000","1356060520"
"Cairo","Cairo","30.0444","31.2358","Egypt","EG","EGY","Al Qāhirah","primary","20296000","1818253931"
"Karachi","Karachi","24.8600","67.0100","Pakistan","PK","PAK","Sindh","admin","20249000","1586129469"
"Dhaka","Dhaka","23.7289","90.3944","Bangladesh","BD","BGD","Dhaka","primary","19134000","1050529279"